castrra01	0.13053615147907728937
wisede01	0.09863100031511501698
jeterde01	0.14252624093507982835
husonje01	0.07652461877538234340
izturce01	0.08189525194950107113
vidrojo01	0.13502590412957094714
torrean02	0.11570831689671054126
camermi01	0.13372628780047055724
mullira01	0.14076664874737175774
bumbral01	0.11402716895026689600
pencehu01	0.14353862926851207102
reuscri01	0.03548821438247633435
barmecl01	0.09623659739734276789
webstle01	0.10549503922852569831
larueja01	0.09676480300644873023
bellda01	0.11761480331364668193
bakerje03	0.11896025210051700101
cruzjo02	0.12420682525823760500
ripkeca01	0.13263089949369384130
lindjo01	0.08288200534119897959
incavpe01	0.12714596729195451164
oswalro01	0.02618787704682562482
nortogr01	0.12290086070513685857
puntoni01	0.09003241883195432332
lacocpe01	0.11289943596301545931
pradoma01	0.13097292079459431997
mazzile01	0.10586584059331113123
hockide01	0.10563116765965514835
baineha01	0.15224461642232646765
fieldpr01	0.16544840646021022411
armasto02	0.01033753622053410604
bordimi01	0.11094604212890790067
lockhke01	0.09477185904261790575
sanchfr01	0.11966640441191256611
readyra01	0.10617875524566466760
kleskry01	0.15780735750747609770
knighra01	0.11304044607372511070
stairma01	0.14431855412800286594
valenfe01	0.05257332807395805010
falcope01	0.02895967921586099354
mearepa01	0.09442406380207657702
kubelja01	0.12267622978333689044
iorgga01	0.09765940274414850686
izturma01	0.09974296300059649143
myersbr01	0.02936988252046991812
fordybr01	0.08808575593072500029
palmede01	0.14523435958144916483
bowala01	0.09277066039743673029
aldremi01	0.12104768861525618282
cangejo01	0.10334040136520273151
desseel01	0.04481665912177455862
washiro01	0.10377404678241017109
bailobo01	0.08750680780491799922
riverju01	0.12181264096692550059
hodgero01	0.09565587189836824794
bautijo02	0.17987193136913658606
landrke01	0.11420550000000000000
custja01	0.13745703318544209720
abbotku01	0.11528727122466899675
rossda01	0.11451714721767376387
butlebr01	0.12780826409948560495
snydeco02	0.12136409458004101193
iviemi01	0.13180142077112201002
mosesjo01	0.10250053086781104549
hallme01	0.12469245966172398851
maddoga01	0.11450070102290102177
clarkja01	0.15262044058517046370
leiussc01	0.04982698961937716263
aurilri01	0.13469575146011800503
meyerda01	0.10023160159946277586
thomsjo01	0.05645161290322580645
scottlu01	0.11468915397797020440
wrighja01	0.03156887755102040816
johnske05	0.10913598487379568240
thomade01	0.09926421184402781396
balbost01	0.11362404613250086715
dennyjo01	0.03491509077402285967
diazei01	0.07725522505293354279
smilejo01	0.04947302982549986266
smoltjo01	0.04607709750566893424
jamesdi01	0.12677963672531301749
deshaji01	0.01379245637080127604
hartco01	0.14540572220150247749
jonesch05	0.09599060593696822538
lyonsst01	0.08131487889273356401
mathemi01	0.09702216213254891517
estalbo02	0.11311665406903502142
pennybr01	0.05120652276369120558
gullibi01	0.03328402366863905325
roystje01	0.10124998523871942939
davisra01	0.11496512120861756658
gallayo01	0.04681926278240190250
bonneba01	0.12582759502036704528
hernali01	0.06057660115320230640
mabryjo01	0.11476824457593688363
riosal01	0.12450450222261622826
vaughgr01	0.14294645363114673197
cirilje01	0.12725087783542984595
caldeiv01	0.12722783431952662722
montemi01	0.11741489374940372738
smithja05	0.06100000000000000000
bellge02	0.13519299198340296954
betemwi01	0.13481947828257310150
nevinph01	0.14795955231631240549
overbly01	0.11937212054133822841
wilkecu01	0.07248037676609105181
sciosmi01	0.10605091222879684418
hayesch01	0.11636842487958822973
berroge01	0.14341632231404958678
burroje01	0.13588410514305827259
cruzhe01	0.10621120532273114528
knoblch01	0.12269489926187499941
berrada01	0.09224419479497965186
martira03	0.08976414737001590869
stillku01	0.08257481762972356395
steinte01	0.13129480008031524967
lopesda01	0.12350933942204728271
samueju01	0.11383027916682900913
dempsry01	0.01926152951309269471
bandoch01	0.06862671324912657888
martivi01	0.15346957766969244050
crawfca02	0.13477318313168938609
grosske01	0.04653840702947845805
buckjo01	0.10517215073996846870
huntebr02	0.10611745790114456124
caseyse01	0.14189403538776205273
stantle01	0.10200673849770940165
baergca01	0.11038003358744345795
dwyerji01	0.13395519468507149705
milbola01	0.09440009579562919703
widgech01	0.08816513711618606724
garcida01	0.10669588353710131853
posadjo01	0.15393994817863130620
hillgl01	0.15331883773616013675
wockejo01	0.13535527086772185200
bakopa01	0.07620051729913914260
bochtbr01	0.12698070502853041955
castrju01	0.08802863360008042205
snydech02	0.09384752102837539008
whitefr01	0.11168521681927659710
galaran01	0.16655256276482766968
ruizca01	0.11985806190557506552
torreyo01	0.10775309635531898951
cedenro02	0.09590687753503309264
lynnfr01	0.14175579149165411611
maddugr01	0.03671393250126051213
scutama01	0.12469921860121360607
jacksro02	0.10202929255399043006
paganan01	0.12131145919860765001
goodwto01	0.10202025769155398785
polonlu01	0.12217325086566384914
ariasal01	0.10776347026555627931
benedbr01	0.06897776194222041130
gaettga01	0.12351629794927911667
lopezjo01	0.08877207420758883293
mcgwima01	0.22376500372283980595
picciro01	0.07200000000000000000
lansfca01	0.12530359168241965974
ortajo01	0.12482196056856407452
bradlsc01	0.06756452412053511103
teixema01	0.14885401590414684317
teufeti01	0.10974009954301064742
tulowtr01	0.17294938890432059796
wynegbu01	0.10899137324017894413
buhneja01	0.16064932897520613321
gibboja01	0.10163203097187611250
thompmi02	0.10563015666001824152
greenmi01	0.14082331893059681339
walketo04	0.13847414026292910676
amarari01	0.10040080410543270611
dejesda01	0.12105059825662673721
gallemi01	0.10271140081630920028
surhobj01	0.13979437759282640625
treanma01	0.07793353592785021076
duceyro01	0.12654415983645490160
oberkke01	0.10977105556806781188
tysonmi01	0.08240353603850622525
engleda01	0.08316625826093413529
weisswa01	0.10584372918364767792
mcgeewi01	0.12099930307377187908
youklke01	0.14215231769472400636
valenjo02	0.11789044123898319494
gloadro01	0.12212038035486716989
greerru01	0.14273213417598444336
essiaji01	0.10010131494353170528
greggto01	0.10113898500576701269
martiru01	0.12119592125606359293
suzukku01	0.09899842859637148617
mirabdo01	0.11302422178948945180
carroja01	0.10188054248670029075
santibe01	0.12116826628396857824
ruschgl01	0.04129583481666073336
brenlbo01	0.10575604410842108289
gutiefr01	0.11489055565828402367
heathmi02	0.10852645981612670149
loftoke01	0.13724274439755663653
chaveer01	0.13684642474723959246
johnscl01	0.13602483181744475148
ashbyal01	0.10985268000637741508
langery01	0.10283793982371452575
mondera01	0.13528304554666796408
lakerti01	0.09290307152726113296
gonzaju03	0.19080942218124782989
molitpa01	0.15675971450029423404
hatchmi01	0.10952389767659104243
hairsje01	0.12841160202242363402
liebemi01	0.13441574160105628637
sizemgr01	0.09949001678299323352
loaizes01	0.02669421487603305785
nadyxa01	0.12917654734339740327
smithbr01	0.03472180067743932790
sosasa01	0.18152040017919315034
willibe02	0.16759008057888970051
zuvelpa01	0.08644901955731917854
singlke01	0.14649459628731113950
ledeeri01	0.11756414353542731921
duncama01	0.11760458213086169230
knorrra01	0.09767875984092200308
stennre01	0.09781675170068027211
smallro02	0.12599402558543263990
zobribe01	0.13580623614179732737
barrema02	0.09466566491359879790
gonzaal01	0.11050131955716552619
hudlere01	0.12342571079055180171
sotoma01	0.02810166133211400701
palmeda01	0.04819036989795918367
andinro01	0.08725064840379121996
kendrho01	0.12889283668447041580
mcewijo01	0.07768815099068055447
pauljo01	0.08147762747138397503
smithse01	0.12875522115227328309
goodedw01	0.07321032583900094431
hubbatr01	0.07105835531491508168
buforda01	0.10306895062297288144
jonesbo02	0.09446954221314317107
youngjo02	0.11107118511010885261
cartega01	0.13063870589252329973
lopezja01	0.15339461884290753338
davisjo02	0.09237543692247245838
jenkige01	0.13984723790754934879
sakatle01	0.09037600000000000000
riverlu01	0.07989715494040753556
hoffmgl01	0.06287820696408939311
womacto01	0.10405718416067989756
bradlmi01	0.14647378261072312155
difelmi01	0.09058715484864619552
parkch01	0.05777209782741898776
footeba01	0.10300488365412237863
youngke01	0.13361500231419272000
rolliji01	0.12484136399478414864
grissma02	0.12280455148110178942
valenjo03	0.13127389733909228476
haranaa01	0.01719267729948465094
ashbyan01	0.01927693248509962487
metzgro01	0.07406252569830870864
gutieri01	0.11366098836228706359
newmaje01	0.07112686980609418283
roeniga01	0.13134543489032025584
heepda01	0.11043660497806405140
mccraqu01	0.10698677495802408321
redmomi01	0.10614669421487603306
moorech02	0.10728868698637098428
greento02	0.13356097433825541842
heltoto01	0.17339568294103095363
perezto03	0.09798805677626622348
foliti01	0.08810989716316823227
cruzju01	0.08061630172642135933
deleojo01	0.01055722013312151863
burksel01	0.18136126836663924775
burkejo03	0.01713988919667590028
vanslan01	0.13438665180325348793
derosma01	0.12642241124562990712
robindo01	0.07169272804796338354
mccarda01	0.12519853965147352177
morame01	0.12797254452465697413
tewksbo01	0.02261787692148439522
tablepa01	0.11151911745090192940
upshawi01	0.12268551816968491483
downibr01	0.14332378727926637055
elsteke01	0.11690817434261127153
peavyja01	0.03526170798898071625
simmsmi01	0.15036112530709505015
snowjt01	0.13399861705840836195
parrila01	0.13033869805897833092
moellch01	0.07940514815612262323
schmimi01	0.17342748138973741982
tuckemi01	0.12091503267973856209
palmeor01	0.10570267629267130389
eusebto01	0.11357907253269916766
hollato01	0.13959876668424682543
friaspe01	0.08150889956777363151
aloumo01	0.17580845287794963957
kearnau01	0.09579914462389360522
rodriwa01	0.02146131688912329101
bondsba01	0.24010899800428003984
jonesch06	0.18746355685131195335
pierzaj01	0.12332362487442955285
bostoda01	0.12849752658173241822
tartada01	0.15552978471993915975
winnra01	0.13282156849724417292
francje02	0.11125029087470355536
moralke01	0.13281792125351429206
blylebe01	0.01601223215612988171
smithza01	0.03493267839129862725
batisto01	0.11423249301690717588
lowelmi01	0.14380542823175195715
lavalmi01	0.10420822080282208945
whitsed01	0.02537587885343428880
marzajo01	0.09933743304899821464
coraal01	0.09249246934622889234
ordonre01	0.09609609609609609610
ripkebi01	0.09416949902503248084
limajo01	0.02818477276359955245
burnije01	0.14045825626375393666
walkbo01	0.03021987193611495036
santira01	0.09849359385943942205
milneed01	0.11661719655243567562
liriane01	0.11778227158124846150
ugglada01	0.09171268996327713467
clarkda05	0.13265462291436317410
marshmi02	0.12775077372773198704
doumiry01	0.12279774556671603195
francte01	0.08777961179157602035
zambrca01	0.11224007561436672968
perryhe01	0.13312378238106356986
patteco01	0.10492525354273024885
cruzne02	0.15658516044598142581
hayesvo01	0.12823540506187297844
chambch01	0.13011994581820044704
dejesiv01	0.08591968684824505274
grebecr01	0.10735418096265072052
mcreyke01	0.13038902650860698927
virgioz02	0.11789241622574955908
strawda01	0.14423305588585017836
vizquom01	0.11409041370060161266
dreifda01	0.05250000000000000000
everead01	0.07949122585532129782
quintom01	0.07970659726695697733
brookto01	0.10051224948277592761
landrti01	0.07047091412742382271
parenma01	0.10476601827427872131
sandede02	0.10707418682903380868
lefloro01	0.10522425100681245060
moranmi01	0.10785156946549218176
olivejo01	0.11376622498647917793
wilsoda01	0.10439917287688549451
anderda02	0.10125336346375612995
cabreas01	0.11392755073179586547
jacksda04	0.09668094060501177477
alomaro01	0.15491825078203163587
wagnema01	0.07485380116959064327
perezed01	0.13951101309330695934
leyriji01	0.12287078431124225884
schnebr01	0.09612833572811402483
frymatr01	0.13464832426384580176
kinslia01	0.12759820815659117244
kuipedu01	0.08789834933286076737
thomafr04	0.18103993925153594011
martije01	0.10678993597718130019
gwynnto01	0.16762244125952368267
candaca01	0.07620091641628426952
hendrge01	0.14286395588890960691
riverru01	0.10240881769595300459
kaplega01	0.11745318073721759810
pearcst01	0.14327433898734214053
johnsla03	0.13340853522441360279
lagami01	0.04105083110389895180
smithlo01	0.13041267210596714207
mclemma01	0.10939553386411144589
schmija01	0.02666589999209366847
spilmha01	0.10094284217710829987
whitter01	0.12568964326547524958
owenser01	0.09878323299056955618
wardga01	0.11776039587524554462
oatesjo01	0.08068418251318527121
sheripa01	0.10474151672788631031
rowanaa01	0.12459922233754448232
northbi01	0.09498419802239158390
davisgl01	0.12728635204081632653
maddoel01	0.09962804233011425014
perezed02	0.10259961583175520010
milleri01	0.10817144498707268026
reynoar02	0.03604527888923087446
hillko01	0.07219151875863534913
shelbjo01	0.09820387820489534368
encared01	0.16868794136440305057
wellsve01	0.13034441048877074850
kendaja01	0.10626707411461749161
candejo01	0.04305984224965706447
bellbu01	0.13313006404966510061
hardyjj01	0.11185576948803260174
krukomi01	0.03913998413491739611
willige02	0.11891581064759727075
hrbekke01	0.15553807339978676457
trammal01	0.14083480677154908148
dentbu01	0.08377609910950830386
ingebr01	0.09885620915032679739
lakest01	0.08400724235272340229
garcica01	0.09368217461317650354
merceor01	0.13306071356873780086
denorch01	0.11634794161180357149
grudzma01	0.12434458327163345048
thurmga01	0.08264462809917355372
davisch01	0.15026704896834766965
marquja01	0.04565148582666133945
servasc01	0.09829050413358695466
ortizju01	0.08360065178138899899
shumpte01	0.14044213578013111813
foleyto02	0.08263342256366368458
catalfr01	0.13748134096952291505
hairssc01	0.11152373065576315926
butlebi03	0.12114427809320029823
stevele01	0.14113309314998084777
mientdo01	0.11896047337278106509
gilkebe01	0.13489571188912258041
rebouje01	0.08895507131612239683
vaughmo01	0.17057209686590293185
blanche01	0.09322963013947817366
delluda01	0.12858364070037840520
phelpke01	0.15088045222570804840
obriepe03	0.11126857287573347580
anderbr01	0.14089130945982262833
corajo01	0.12303566135440926579
kentje01	0.17236197254583662347
milleke01	0.04953433162892622352
deshide01	0.11864736865966031608
fernasi01	0.03846673573262465655
matthga02	0.12670887426399655445
dawsoan01	0.14596287402704483618
monrocr01	0.09478251362840281336
pocorbi01	0.08999501259166671798
cedence01	0.13228084106100730697
willijo03	0.13488980115399791962
kittlro01	0.13892983490566037736
thornan01	0.13227255712434997384
walkela01	0.21974101670249219449
benarma01	0.11807816758362339107
velarra01	0.13630048683721750663
glavito02	0.04767610640986439042
wrighda03	0.14912511392108717646
delarjo01	0.01758034026465028355
auerbri01	0.09128003875173438642
cedenro01	0.10950657376446490783
uptonbj01	0.10869320758367209286
millwke01	0.02363362627358986030
howear01	0.11517891779202652758
wiggity01	0.12120262828478281802
milesaa01	0.08907008759543854745
tettlmi01	0.14415469351968294769
coomero01	0.10920701568256351584
diazma02	0.12341540150529949418
pierrju01	0.10713412274951340830
brosisc01	0.11677601625626623470
maldoca01	0.12757753936947673079
nokesma01	0.12294377966052348094
pridecu01	0.08955004411332222331
sorrepa01	0.14180899715988894203
utleych01	0.13393649623760924548
basske01	0.11901557890378344806
cainma01	0.02687449610319806504
hargrmi01	0.12270813188888904427
lopezlu02	0.09414260657031772199
treadje01	0.11312925975174219060
gantnji01	0.10478997573269685381
parkeda01	0.13770052062830425112
burneaj01	0.01876822338763446745
victosh01	0.12996740053467110194
disarga01	0.10343534842252605205
raineti01	0.14434190283186028499
gordoal01	0.13058910786183513456
jahajo01	0.13455738797796860367
belleal01	0.19497254921432229010
princto01	0.09070348464541693375
leema02	0.08838091304810278233
cabreor01	0.11593023329731402785
chrisla01	0.04684964845862628448
whiteje01	0.10552047135176250840
bonifem01	0.08836565096952908587
brognri01	0.12521523720624522750
forscbo01	0.08364951501653922904
bellde01	0.12765333302934616159
burrira01	0.04040379528743721032
ryanbr01	0.06136228596121644250
hollida01	0.12371617851804836101
aybarer01	0.11150283357361999295
loducpa01	0.12204532295352321156
molinjo01	0.08441073217251608898
wallati01	0.11856982916168896717
giambja01	0.16388318504771346866
johnsla02	0.11611276440903235946
hurdlcl01	0.08059692351662260511
porteda02	0.13158221788189095842
bloomwi01	0.10403182325137920563
thomago01	0.13062970345256406919
lopezfe01	0.11301589030650454106
schumsk01	0.10034825411624549204
whitede03	0.12963000780629839823
berroan01	0.06954263151831254386
hatchbi01	0.10513421550094517958
encarju01	0.12944115889085650855
polanpl01	0.12596255948166139976
escobyu01	0.11651575212647928994
salmoti01	0.15345048283425438977
seitzke01	0.13749429762267561354
thomaga01	0.10784243544356518117
kendrky01	0.03311418685121107266
larkiba01	0.15148891837837002070
luzingr01	0.15154135536837208917
maymi01	0.10796584223185463730
schuri01	0.10309007232084155161
benesan01	0.04212127223434503736
owensp01	0.10508554855330351824
nievewi01	0.09110656983734332030
valleda01	0.09958288207200380358
cottohe01	0.10488911900321314045
fickro01	0.09288691106872925055
hallto02	0.09288065843621399177
johnsda06	0.07332356770833333333
gomezca01	0.14194476701988677602
pacioto01	0.13231510298777727478
rhoderi01	0.08566587235009642090
speiech01	0.09811619587310468522
hendest01	0.13008168036838495951
veryzto01	0.07352441008307336928
burleri01	0.10990522335614635946
francju01	0.14483304918478205177
roberle01	0.11147392665155700682
abreubo01	0.15186522210542673118
floydcl01	0.16097346194090869026
roberda07	0.12088362095762102420
molinbe01	0.12580002135072446890
anthoer01	0.13635555555555555556
rueteki01	0.03473596271380204898
muellbi02	0.14994534462870482411
bellira01	0.06355595090434052532
biittla01	0.11048908008824655311
fitzgmi02	0.10166313495329273105
markani01	0.12388475551976588042
braunst01	0.10358988574366372265
ramosdo01	0.08091576635624023525
youngch04	0.11130239727569760127
hattesc01	0.12731096464618777925
hornebo01	0.14135660746372478090
murphdo01	0.11029080007620091642
sweenma01	0.11923011119566770444
cairomi01	0.10180407410183992148
boonebo01	0.09705094278128994239
morriji01	0.12035554583753446895
pujolal01	0.18383038528760026216
thompja01	0.13339844425697702578
olerujo01	0.15455400659875585535
petrage01	0.10448279070729210823
orsuljo01	0.11289678337026736566
penaca01	0.13572331124923160986
clarkma01	0.00761894613458362193
bournmi01	0.10447301780587706450
castivi02	0.13674730336533758997
schilcu01	0.02963352086846196961
fergujo01	0.12139570403963433845
mayde01	0.10179374081075404327
olivomi01	0.11176239527698468069
eckstda01	0.10480688769621421976
raburry01	0.12240795847750865052
moyerja01	0.02308641975308641975
belliro01	0.13157889439305315777
andermi01	0.08063769725577305752
ethiean01	0.13684045130379518256
bielemi01	0.01665224913494809689
flannti01	0.09852814535740181099
brettge01	0.16889659780203525263
clarkbr02	0.10142186126151140728
rolensc01	0.15158373551738496765
saboch01	0.12289592830041570011
casanra01	0.09840000000000000000
mcbriba01	0.13020936622595506593
trillma01	0.10393942072169894700
guilljo01	0.13779762973870377392
tomkobr01	0.02960443436633912824
blankla01	0.07321165129538923019
hernajo01	0.12376828013893650959
venturo01	0.14503664974270009610
colemvi01	0.10432601526265869597
jamesch02	0.13183581152552867622
whitema01	0.13727412533640907343
paquecr01	0.11344849551220866553
dilonmi01	0.10856719045397987218
guerrvl01	0.18362418991839068383
huffau01	0.13906751761346631399
lacosmi01	0.03337278106508875740
sandere02	0.14701492465848531714
delgawi01	0.09931488198324782973
lacyle01	0.13760572718264821037
quentca01	0.13727807490201577095
cintral01	0.08645950978297365770
yountro01	0.14801146733874444912
ramirma02	0.21224825263682372221
johnswa03	0.10323911111111111111
sandbry01	0.14692686050704813974
bennega01	0.08848497951081455567
guilloz01	0.09578538331012878524
johnsni01	0.12813448893000060327
gonzaal02	0.10781981071551526628
kisonbr01	0.06508875739644970414
spikech01	0.11782423177596902004
edmonji01	0.17710508101717616512
gedmari01	0.08864430316450076852
slaugdo01	0.13336458145544137972
wilsopr01	0.12356722047578856541
grichbo01	0.13784230289549014472
curtich01	0.11716101432202864406
shoppke01	0.09118395567767217693
bonhabi01	0.04605956142870822561
dobbsgr01	0.09924255979006381583
trachst01	0.02898029885933198686
grubeke01	0.12580774970675507506
bernato01	0.13049656955817773067
sveumda01	0.09970840176395386140
cowenal01	0.11573027209136075117
barfije01	0.12495346878064947974
lemonch01	0.13485106892602892193
spraged02	0.11791422579744057909
tracych01	0.09533465972859912254
dykstle01	0.14531099776498645257
blowemi01	0.12557330980622814757
griffal01	0.08424046370999964499
johnsho01	0.13472473955390538583
alexama02	0.08488063660477453581
perezne01	0.09073277574698029243
seguida01	0.15859445328528161589
smithpe02	0.03926234384295062463
dernibo01	0.09379809868718877320
brownto05	0.03983703033046627433
greensh01	0.16103396872004366520
hudsoor01	0.11801897952035738595
hinsker01	0.12054909202831640505
gonzare01	0.10238440964671288690
hanigry01	0.08263719447050372303
paglimi01	0.11265178165285824191
braggda01	0.09860866406000610220
brownem01	0.12667977418416659695
skinnjo01	0.08219037022711918043
mordemi01	0.10679786072608172911
nunezab01	0.09186668244720137710
spiezsc01	0.12523179206323052097
booneaa01	0.11506306573532711648
woodsga01	0.10609861591695501730
kreutch01	0.09923454025367909970
varitja01	0.13171011527419686610
koskico01	0.13666010756919847829
nahorbi01	0.09879032258064516129
russejo02	0.08386432702676208215
velezot01	0.14110645516031884079
colbrgr01	0.17149334775554353705
hammeja01	0.02483564645726807889
mitchke01	0.17332883988648940529
roberbr01	0.12940043966575386590
scottmi03	0.02274078478002378121
tollewa01	0.06179804357952486931
riceji01	0.15052239339211672062
berryda01	0.10660538000994818954
puhlte01	0.12634165325656888878
ramirra01	0.09209422745402920498
suzukic01	0.12206806029669250897
keppije01	0.11735453050356331741
morsemi01	0.13750750515571566554
bardjo01	0.08554719523380492041
hammaat01	0.02849228333992876929
vazqura01	0.11024773722843053869
stubbfr01	0.11471744225179067546
griffke02	0.17071852155117669299
lindeji01	0.13757396449704142012
montgbo01	0.12955225606846997933
wilsomo01	0.11516975702213853266
jonesru01	0.12970223466176019827
peraljh01	0.12569947826099536636
whitalo01	0.14460325235599997998
guzmacr01	0.11441476642040045981
ramirar01	0.16345862876947332465
bosleth01	0.12700919415900486750
hillaa01	0.12279908498208020207
randajo01	0.12890458121814290588
durhara01	0.14173056475568310920
hairsje02	0.10739975734445925511
jonesan01	0.14251048012788002902
lairdge01	0.08763423751299795618
forscke01	0.03973261027141668233
mendoma01	0.07297159494961692764
damonjo01	0.13640406966004029371
howarth01	0.11297548487631132259
alfoned01	0.12108079232711020825
herndla01	0.12953751503082171525
clarkwi02	0.16583062950594550732
loneyja01	0.11666443232248520710
roberbi01	0.12226592430914136069
wilkiri01	0.07658465048069089131
murraed02	0.15000942172838913499
reynoma01	0.10546243983578123786
hollima01	0.16252234350634885275
osikke01	0.07289509746512203515
brookhu01	0.12476723093775925186
remyje01	0.10030422697738557522
blaloha01	0.13066525197108500250
bordepa01	0.09116261585369583508
oleartr01	0.12860043408247567038
reynoha01	0.10278318489610445606
coopece01	0.15136653356872402037
taverfr01	0.09297931309258892047
johnsre02	0.11200095693234830059
howelro02	0.11354879578005932620
venabma01	0.10912180796350680521
hassero01	0.11552818709499302335
kneppbo01	0.03331032741351738069
kempst01	0.11418810984605679517
salazlu01	0.10613699029888996554
gagnegr01	0.10846083183747371862
harpebr01	0.13316546094317724152
randowi01	0.11104220879776012329
thompro01	0.12077193668406745352
almonbi01	0.10251604989732849075
gallada01	0.11941315565702570793
grossgr01	0.10605687047994740302
saltaja01	0.12209292574996346316
schatda01	0.11083477508650519031
darliro01	0.02873744425926760056
jonesbo03	0.02670940170940170940
counscr01	0.10148977272727272727
jordabr01	0.14012038638985005767
hundlto01	0.14079688271030187565
navardi01	0.11321306006510446629
swishni01	0.13149882099768778187
grandcu01	0.13776559163619153563
martied01	0.18917629815938297026
lugoju01	0.10462196903233927649
mumphje01	0.13479419793789645477
barnesk01	0.12597946407595251586
castilu01	0.11739162809573124543
cummimi01	0.11772316740180634321
infanom01	0.11698726233186174667
bellhma01	0.10840163725260031234
murphda05	0.14870475029291181289
millake01	0.12851146494063606930
bellja01	0.13338337317946949188
richajr01	0.04636213017751479290
gantro01	0.14395909090909090909
vazquja01	0.05282900204397924575
doranbi02	0.10855858351529030483
gomesjo01	0.12389163164929977404
sheetbe01	0.00769185944875007284
wehnejo01	0.07862304687500000000
ceronri01	0.09269262849392323747
claytro01	0.10930254546371548554
matthga01	0.14006061575989876830
reyesjo01	0.13546904801531960155
sweenry01	0.11084329290579036762
fernato01	0.12501749991545333920
braunry02	0.14968246275270051744
davisal01	0.11482050433031437187
sojolu01	0.09065665036357340720
frandke01	0.10378062579749456299
rodrial01	0.18562932441222553103
blumge01	0.10255713798667236533
felizpe01	0.10629511510901588968
gracema01	0.15509342113799558789
bayja01	0.12402310567448182127
beltrca01	0.15757874733971409238
randlle01	0.10632350000000000000
soderer01	0.13651465730995457827
martida01	0.12262043057090929531
torreru01	0.10203450327186198691
simpsjo01	0.08002822690030691435
herrto01	0.10880816464831740356
vailmi01	0.08565656565656565657
guillca01	0.15705733340226438505
macksh01	0.14923724396524228492
pettiga01	0.08621792855733004223
fieldce01	0.14088797189435012667
garneph01	0.11453030391320700743
cordewi01	0.12754784818339100346
cruzjo01	0.13982492259567812570
mantoje01	0.12165289256198347107
lewisda01	0.09620153104724661373
barrji01	0.02556734693877551020
dyeje01	0.14899401573665214797
guerrpe01	0.15488623437242293302
martial03	0.12581500359515201355
jonesad01	0.14432936639018485349
barremi01	0.13860544716754565228
berkmla01	0.17397022270966177451
hawpebr01	0.10842584072033454088
mormaru01	0.12408949011446409990
cordoma01	0.14212544378698224852
ludwiry01	0.13514233560180999371
ortizru01	0.03947195298451822288
youngdm01	0.15273469621198017369
quinthu01	0.08452616550572106859
matsuhi01	0.13074703820165680085
penato01	0.09388141144646414031
wathajo01	0.08864957407523242264
blackti01	0.10942523424887722801
vizcajo01	0.10545790881953335508
shower01	0.02420790316838732645
byrneer01	0.12691114509534658719
collida02	0.10626577898162296546
hallal02	0.10837758297462322347
iannech01	0.10816141757744292828
sassema01	0.06962736465950745086
kennead01	0.10856322889287495629
roselda01	0.09961625812514684000
davismi02	0.11772334938358104381
reynosh01	0.02893406890166274449
colesda01	0.09846042971037340660
hafnetr01	0.12670682316717969821
liebejo01	0.02911403744513123712
morelke01	0.12389723960965219706
jonesja04	0.12714599262268828773
saxst01	0.10941937585619299008
relafde01	0.09604730861398129300
garcika01	0.13294679797214614533
stewach01	0.08657785565203947538
kingmda01	0.13216130961530270007
kennete02	0.10162895247781065089
kotchca01	0.10186305975784758497
roberry01	0.09681118967323829566
howelja02	0.12466737859318651308
napolmi01	0.13275593794822758008
kingemi01	0.13286333080088863604
bevacku01	0.10173062188409682575
credejo01	0.12664235720947995388
soriaal01	0.14648259246974716063
ausmubr01	0.09663742037750876995
coxla01	0.07428156389351830999
clarkto02	0.13461167867036011080
kellemi02	0.06234465870829507193
astacpe01	0.02516250000000000000
sotoge01	0.10586972248989275411
hamiljo03	0.12308774653343304778
reedje02	0.12127115560741214699
morenom01	0.09383444539437161160
wilsogl01	0.10569075615448980491
benjami01	0.09273868701874816787
taubeed01	0.13854658841791369943
hamptmi01	0.12074360257661245315
leede02	0.16914305095713106358
ayalabe01	0.12723907726882146870
lowenjo01	0.13232033079592691657
grubbjo01	0.13426281434918577246
vinafe01	0.11407616712507610603
girarjo01	0.10289943998052106160
morrima01	0.04617555623932349415
oneilpa01	0.15950584654690716596
swishst01	0.05630565929330652111
feldemi01	0.09009884243789345148
hammoje01	0.14249930099359796611
lewisma01	0.11038590221538589070
phillto02	0.12990638081729944196
bushra01	0.12258071156639558028
cabreme01	0.14305036875289667765
erstada01	0.10881270260768179727
parrila02	0.12106348658604113668
samplbi01	0.10250516528925619835
wellski01	0.04833115625422278276
reitzke01	0.09798708817946067090
gardnma01	0.02310843457862119674
macharo01	0.09324074074074074074
manwaki01	0.09338851439721340995
podsesc01	0.11931722427754014558
walkegr01	0.09215804170971074380
beniqju01	0.11926042473770643588
oglivbe01	0.14348691595053723193
sinatma01	0.05576587945435971396
backmwa01	0.10492753623188405797
maybica01	0.09944816326530612245
stinnke01	0.09968502495010351520
offerjo01	0.12901718704734241541
dauerri01	0.09485455906676889191
manniri01	0.09789164070637706879
munsoer01	0.09112482202183198861
graffto01	0.12154102538966767964
wilsoja02	0.10326979290593827553
coninje01	0.13615220651621969509
huletti01	0.10998810939357907253
jeffegr01	0.13898746144025486499
squirmi01	0.08452936174598675565
raderda01	0.09969332941807656388
sexsori01	0.14830028548194868090
larocad01	0.12592619744565871948
byrdma01	0.13370665231109051505
pecotbi01	0.08709715659875696455
glanvdo01	0.08816423051219219631
garciki01	0.09553328234646915966
beltrad01	0.15890781413006787278
kellypa03	0.10673587692036412528
wilsoen01	0.08153455672603939714
castial01	0.07590458708048601149
karkoro01	0.10339797583615429658
wainwad01	0.03982222222222222222
ellisma01	0.10285492911609869286
webstmi01	0.10695583920534345499
grimsro02	0.03451676528599605523
molinya01	0.13448017242415862061
montejo01	0.00901388137732107445
moraljo01	0.12400722507081645093
conceda01	0.10967713841586557190
harnipe01	0.02633903009481662639
pedrodu01	0.13482163687225140251
mcwilla01	0.02213088155759870200
michaja01	0.10662761269767860125
nixontr01	0.14438760239991913057
durhale01	0.14111286789589044526
bautida01	0.13414600838071142609
sandesc01	0.00971583022865074147
sheffga01	0.18155691544307971071
fabrejo01	0.07858947681331747919
bransje01	0.06744693513191827018
hoilech01	0.14167730585015887802
hernaca01	0.10964888912568597155
fermife01	0.09082152194853447090
zimmery01	0.14376882961851837188
mclouna01	0.10274171970266942182
wolfra02	0.04515977327293878864
stanlmi02	0.15817366810603677543
youngde03	0.11729626454275247988
lezcasi01	0.12880496047754187801
milleda02	0.11424263508417633388
sutclri01	0.05007130116603771855
hendeda01	0.13008339524472717978
nomohi01	0.02479395369515406450
fletcsc01	0.10092493137605919561
swancr01	0.03523502147589118882
duffyfr01	0.06839752455015114112
evansdw01	0.15543755878086861725
stynech01	0.11235261794192221092
cabelen01	0.10919386468886271676
templga01	0.09325854183001498718
mccanbr01	0.12284993789754977605
berryse01	0.12832658179012345679
bonilbo01	0.14974896690578746387
castica01	0.10174618237211102648
mossbr01	0.12939432164288048981
javiest01	0.11948992820836514489
kenneia01	0.02957523631790336322
maholpa01	0.01590708243908597399
garcino01	0.15374632121140928330
gilesbr02	0.16119279846955019504
perezpa01	0.01720922798231125793
hubbagl01	0.10053476100462412797
martica01	0.10612515003429355281
harriwi01	0.10960068955709886844
redusga01	0.12638917457861945278
ibanera01	0.14478554573871189930
kempma01	0.14795882628460068334
leonaje01	0.12064493547741212685
martira02	0.04380724810832337714
magadda01	0.12139096670958142569
ramirha01	0.13986847457318999152
romered01	0.08352711503491686521
bagweje01	0.18652590018038103597
baylodo01	0.12870803555812608998
gonzalu01	0.16205775746504852922
humphte01	0.06942701603310180110
saenzol01	0.13799168975069252078
linceti01	0.01835557368451721928
smithoz01	0.10973533495932971457
higgibo02	0.12209245876351952310
bartlja01	0.08825114570172404067
fordda01	0.11347778963233924368
tejadmi01	0.14315245478036175711
daviser01	0.13970073949586990325
milnejo01	0.12687329576967132520
finlest01	0.14218140227552123297
josefe01	0.14636892475136048039
evereca01	0.14736693563520360293
oestero01	0.10194439066630527757
pagnoto01	0.10452865842071276337
phillmi01	0.07105882752934576579
strando01	0.09669423440453686200
anderga01	0.14450073144451470896
karroer01	0.13763165855149105795
milleco01	0.07226406024675532767
pasquda01	0.11791589317096111482
uptonju01	0.14323330645223624104
helmswe01	0.11345920702137832115
germaes01	0.10686842537804076266
prattto02	0.12240165204683744198
blausje01	0.12403631182064585965
hidalri01	0.14468166300952791800
martipe02	0.01296679105479341727
decindo01	0.13507006154728950111
canoro01	0.16623708340361738116
trevial01	0.10321794515427158316
obriech01	0.09738878760749517123
nolasri01	0.03415067276825353459
crispco01	0.11822416308038006615
tatisfe01	0.12232017141108050199
diazma01	0.10462782118055555556
sierrru01	0.12436252561634741182
steinbi02	0.11057294839123638066
cromawa01	0.13100887345679012346
mcgrifr01	0.16501116978132472469
ziskri01	0.14389860081829883297
wilforo01	0.08230687077251690993
cuddymi01	0.14490881818882447966
sanchre01	0.09921436812242941631
wilsowi02	0.11122273061002273949
eisenji01	0.12872856423924429963
willima04	0.15795298820311654610
winnihe01	0.08742911153119092628
delgaca01	0.18328679140857740592
mahleri01	0.03424494649227110583
sweenmi01	0.16056368120900797065
morneju01	0.14811558525291600727
jonesra01	0.02327160493827160494
harenda01	0.07274447096977613621
kellyro01	0.14232320043304184522
shiplcr01	0.11084799308215471782
wallide01	0.11764688257034947392
buechst01	0.11780573206021182791
henderi01	0.13951132759719954896
nixla01	0.11928571428571428571
murphdw01	0.12507195146533202885
rogerst01	0.03161886449821075682
butersa01	0.08187455621301775148
mcgloly01	0.05769230769230769231
younger01	0.11945178100813629266
marreel01	0.13083985957331893060
quirkja01	0.09434386125474178275
nixonot01	0.10101465557359082344
capuach01	0.00811654526534859521
johnsch04	0.13823892496578591599
brockgr01	0.10737570907174565244
corcoti01	0.12183605041045207538
boggswa01	0.14699887971415116643
welchbo01	0.02476247572625734729
walbema01	0.07342803447445395207
wardda01	0.13845744888549810921
griffke01	0.13778006868353313891
hamelco01	0.05113594857184600774
fasansa01	0.09945465789621633777
baileho02	0.02743484224965706447
justida01	0.16432486490945480695
aguaylu01	0.09269251493143303812
greenwi01	0.11139403865769260298
hamilda02	0.12549150082794818300
chalkda01	0.08515446791106763531
lindad01	0.14873673401305227164
brunato01	0.12310284199367629308
krukjo01	0.16080648335690952209
bicheda01	0.17374717549725127998
rivermi01	0.12878104702569304607
fletcda01	0.13205458187629817091
blakeca01	0.13338705672713866341
valdeis01	0.05286578853684585262
drabedo01	0.03939673745767928593
dunstsh01	0.12719764148002256789
schofdi02	0.08180896978795271158
espinal01	0.08764912729570460397
headlch01	0.11114337025535684584
kileda01	0.03643347050754458162
werthja01	0.15068102680093128929
breamsi01	0.13042530492807858540
leachri01	0.11965283679723917690
thomeji01	0.18509527952512201621
wardtu01	0.12889254968647040068
rodrihe02	0.15704046525419405157
turneje01	0.10322580645161290323
huntebr01	0.11776954633504921582
zaungr01	0.12036897907725911728
borgmgl01	0.08340001524157902759
gwynnch01	0.10541670022461453104
puckeki01	0.16271770243924216078
stewash01	0.13708390725436179982
bochybr01	0.11727272727272727273
cartejo01	0.13003480622914158334
mauerjo01	0.14194511064819124556
rayjo01	0.12075801975586562906
jeffere01	0.15455143034257533233
joynewa01	0.14038153774250369889
phillbr01	0.12710328036984042371
thompry01	0.13826180693339999063
brownje01	0.11171528890564614950
hillma01	0.07704085005011324379
estessh01	0.03500443958745987296
iorgda01	0.09528994082840236686
howarda02	0.08604444444444444444
penabr01	0.09870065463201745685
leetr01	0.11244693515419689585
brohaja01	0.09175240344071512903
clinege01	0.10108661216462524018
grievto01	0.10391103002019178389
gladdda01	0.11246427597673971635
hallbi03	0.10155478494901920190
mcraebr01	0.12317168106661988509
stearjo01	0.11742796628547470688
gomezch02	0.10974522490872457767
caminke01	0.16187813058564840191
ordonma01	0.16543245238756028465
weeksri01	0.12550303914805394926
woodwch01	0.08156927695253868847
boonebr01	0.14107279100120307723
summech01	0.13134292503964446931
bannial01	0.11178000876217221343
mcdonjo03	0.08449418444588832689
lankfra01	0.16201637218740174741
morriha02	0.14157623781474650909
scottto01	0.09055454947172653649
waltoje01	0.16242462213172527214
cabremi01	0.21047849796956624781
rossco01	0.12549661399702103035
choosh01	0.13692569518873490013
hosleti01	0.06567519333729922665
lemasjo01	0.07238052917926429831
figgich01	0.09750058157330884604
sundbji01	0.10233204267178362573
thondi01	0.10347600429953889240
mackape01	0.09291493383742911153
rileser01	0.08677326183994140490
alicelu01	0.11746832824643389353
bergmda01	0.11595164172461266907
cruzde01	0.11106165733557657377
lansimi01	0.10834858814122795943
valenja01	0.12315340793434098071
officro01	0.10191366592979389595
biggicr01	0.14225583450193603059
merlolo01	0.12248646014879781114
bryest01	0.10166792918665656651
lambmi01	0.13068373958817344744
loretma01	0.12884472115793954874
madlobi01	0.13692106125826045783
deerro01	0.11864672218487344115
neaglde01	0.05091613180823980781
ojedaau01	0.09166124131944444444
gonzaad01	0.16165671964781732145
murphda07	0.12465345182128427506
carrema01	0.14998473437818033788
kotsama01	0.11827470869536943651
haselbi01	0.12308447477627272887
hernara02	0.12575625141551554162
renteed01	0.13118002999735871442
cansejo01	0.16044681576063753444
melvibo01	0.08560758402757828210
grievbe01	0.11838189957912232260
pendlte01	0.12392525880028638950
andujjo01	0.02661412921214269645
myersgr01	0.12000938697027964087
roberda06	0.09621056241426611797
washiul01	0.08422353868842698953
easleda01	0.11959767564096449011
mathije01	0.06798239143367043427
wohlfji01	0.10652663268260966961
piazzmi01	0.17235161532682193839
rodriiv01	0.15238766165526915494
winfida01	0.15494356248927012379
benzito01	0.12416738801306110445
cruzja01	0.10917059565708214357
leeca01	0.14968732664723648179
jacobbr01	0.12234447128395398585
grosswa01	0.11691815683978199180
hootobu01	0.02985835333092654335
whitero02	0.14026826796772377557
mulhote01	0.02567154909166192226
macfami01	0.12705319634482018658
lawva01	0.11149763425465039541
alomasa02	0.12372343824911508273
driesda01	0.12597966393963557308
washicl01	0.13087984309968411773
maynebr01	0.11159728252898928373
reedjo01	0.09611615262793472216
armasto01	0.12667915843085285596
whitfte01	0.11356765395413237909
hershor01	0.05762289196374856877
paytoja01	0.11526535940975890472
devermi01	0.10803073347107438017
reynocr01	0.09741597975470789095
youngmi02	0.14165347613306099903
willied01	0.11950957818702346886
cookaa01	0.03791929995138551288
hilldo01	0.09958947515843282798
hernake01	0.14634883904233385774
flynndo01	0.07028018630240436700
lawtoma02	0.12585516588223030495
zeileto01	0.13154336235392043596
ellsbja01	0.12282304478901078823
howarry01	0.12946728129470011290
callaal01	0.09578130628889261780
diazbo01	0.10168418089697879527
hermadu01	0.00881096475614097544
pryorgr01	0.08259965354081596256
gibsoki01	0.14383984074916487166
amezaal01	0.08765284869658693899
daultda01	0.13605202507303181104
jacksda03	0.11419970370370370370
ruthvdi01	0.04196738231298712140
kingje01	0.14037286426198386331
mosebll01	0.11941045322090644181
oquenjo01	0.10013348950376329577
drewjd01	0.15844859418970128374
faheybi01	0.08729892249931320778
dunnad01	0.14019405949830557561
konerpa01	0.15376054382588602148
martiti02	0.14707020569340901882
valenel01	0.10706725829106197975
vandejo02	0.14294838781766658461
burrepa01	0.14418289138967523504
furcara01	0.12348263525441734756
perryge01	0.10819371230645086297
anderma02	0.11914394494271776233
branyru01	0.14282900533398652428
vottojo01	0.17492401264790539212
betanyu01	0.09422275774905868756
harrile01	0.10458957735501470224
curtijo01	0.05358052852532213837
bogarti01	0.09484246543466428171
rivermi02	0.10495680524599826853
fischmi01	0.07110762143411411448
uribeju01	0.11720540751292517243
hunteto01	0.14191657366579071280
mattido01	0.13599072296249607796
martite01	0.10309748874193679257
ceyro01	0.13842796345685325457
casilal01	0.08062500000000000000
palmera01	0.17393294116614354021
uribejo01	0.08482611578772863748
foxan01	0.08100227259483713070
flahejo01	0.09956724514576710628
lemkema01	0.09809929730270150506
chaveen01	0.10287273842726654378
thamema01	0.13719019396551724138
barajro01	0.11043882625584955310
ortizda01	0.18848178256053241674
yeagest01	0.08233902675089658274
hanseda01	0.11895663424144372199
omallto01	0.10464766614320558655
spierbi01	0.13105187813895593239
drewst01	0.09993726336366449597
glaustr01	0.15020169975278252289
ransoco01	0.10698561479124135099
lampkto01	0.11312638009891404398
perezod01	0.02112628447809626825
masonji01	0.05768768099799509913
laudnti01	0.10266859769017770079
